entidad_federativa,nivel_educativo,2015-2016_maestros,2015-2016_escuelas,2020-2021_maestros,2020-2021_escuelas,2021-2022_maestros,2021-2022_escuelas,2022-2023_maestros,2022-2023_escuelas,2023-2024_maestros,2023-2024_escuelas
Estados Unidos Mexicanos,Total,2021788.0,252024.0,2019632.0,255589.0,2017682.0,255537.0,2030790.0,256383.0,2045591.0,258193.0
Estados Unidos Mexicanos,Inicial,0.0,0.0,8643.0,4891.0,9182.0,4948.0,9988.0,4979.0,10327.0,5033.0
Estados Unidos Mexicanos,Preescolar,230781.0,89409.0,228086.0,87684.0,227163.0,87038.0,229972.0,87185.0,231471.0,87807.0
Estados Unidos Mexicanos,Primaria,574210.0,98004.0,568857.0,95699.0,567929.0,95855.0,571832.0,96005.0,571986.0,96449.0
Estados Unidos Mexicanos,Secundaria,408577.0,38885.0,404412.0,40578.0,405361.0,40963.0,412559.0,41522.0,417953.0,42246.0
Estados Unidos Mexicanos,Media superior,422001.0,20383.0,408267.0,20943.0,412956.0,20886.0,412151.0,20759.0,418165.0,20717.0
Estados Unidos Mexicanos,Superior,386219.0,5343.0,401367.0,5794.0,395091.0,5847.0,394288.0,5933.0,395689.0,5941.0
Aguascalientes,Total,23606.0,2060.0,24260.0,2184.0,24334.0,2192.0,24035.0,2210.0,24939.0,2205.0
Aguascalientes,Inicial,0.0,0.0,119.0,64.0,157.0,68.0,174.0,71.0,218.0,69.0
Aguascalientes,Preescolar,2124.0,640.0,2182.0,665.0,2258.0,671.0,2280.0,682.0,2274.0,680.0
Aguascalientes,Primaria,5010.0,708.0,5048.0,713.0,5053.0,717.0,5116.0,718.0,5169.0,715.0
Aguascalientes,Secundaria,5216.0,355.0,5358.0,372.0,5583.0,377.0,5654.0,375.0,5862.0,381.0
Aguascalientes,Media superior,5588.0,302.0,5843.0,306.0,5816.0,296.0,5818.0,296.0,6012.0,289.0
Aguascalientes,Superior,5668.0,55.0,5710.0,64.0,5467.0,63.0,4993.0,68.0,5404.0,71.0
Baja California,Total,56973.0,4290.0,59877.0,4421.0,57225.0,4392.0,59337.0,4323.0,59499.0,4362.0
Baja California,Inicial,0.0,0.0,197.0,87.0,156.0,96.0,129.0,82.0,170.0,81.0
Baja California,Preescolar,4956.0,1427.0,4896.0,1451.0,4822.0,1424.0,4863.0,1399.0,4860.0,1419.0
Baja California,Primaria,14633.0,1650.0,14362.0,1617.0,14276.0,1613.0,14477.0,1608.0,14642.0,1624.0
Baja California,Secundaria,13915.0,670.0,12396.0,666.0,12392.0,671.0,12766.0,668.0,13153.0,675.0
Baja California,Media superior,10656.0,400.0,14181.0,428.0,13392.0,417.0,13573.0,399.0,13377.0,391.0
Baja California,Superior,12813.0,143.0,13845.0,172.0,12187.0,171.0,13529.0,167.0,13297.0,172.0
Baja California Sur,Total,12367.0,1224.0,12991.0,1301.0,13370.0,1297.0,13061.0,1271.0,13006.0,1307.0
Baja California Sur,Inicial,0.0,0.0,58.0,39.0,65.0,31.0,79.0,31.0,60.0,32.0
Baja California Sur,Preescolar,1191.0,421.0,1274.0,424.0,1285.0,424.0,1242.0,401.0,1247.0,412.0
Baja California Sur,Primaria,3219.0,446.0,3427.0,444.0,3438.0,448.0,3450.0,445.0,3421.0,450.0
Baja California Sur,Secundaria,2674.0,189.0,2737.0,194.0,2747.0,194.0,2754.0,194.0,2834.0,215.0
Baja California Sur,Media superior,2937.0,133.0,3117.0,158.0,3212.0,157.0,3027.0,157.0,2937.0,156.0
Baja California Sur,Superior,2346.0,35.0,2378.0,42.0,2623.0,43.0,2509.0,43.0,2507.0,42.0
Campeche,Total,15107.0,2013.0,14948.0,2179.0,15049.0,2190.0,15289.0,2186.0,15511.0,2209.0
Campeche,Inicial,0.0,0.0,167.0,147.0,170.0,146.0,161.0,135.0,181.0,143.0
Campeche,Preescolar,1805.0,695.0,1844.0,704.0,1824.0,703.0,1850.0,705.0,1866.0,703.0
Campeche,Primaria,4397.0,778.0,4293.0,753.0,4285.0,760.0,4287.0,762.0,4263.0,762.0
Campeche,Secundaria,3327.0,333.0,3002.0,353.0,2952.0,358.0,2997.0,367.0,3131.0,380.0
Campeche,Media superior,2935.0,137.0,3017.0,149.0,3142.0,152.0,3157.0,148.0,3224.0,149.0
Campeche,Superior,2643.0,70.0,2625.0,73.0,2676.0,71.0,2837.0,69.0,2846.0,72.0
Coahuila de Zaragoza,Total,51567.0,5027.0,50303.0,5288.0,51062.0,5274.0,50913.0,5268.0,51611.0,5324.0
Coahuila de Zaragoza,Inicial,0.0,0.0,173.0,110.0,232.0,116.0,182.0,114.0,223.0,141.0
Coahuila de Zaragoza,Preescolar,4707.0,1729.0,5114.0,1819.0,5234.0,1811.0,5278.0,1820.0,5335.0,1817.0
Coahuila de Zaragoza,Primaria,12086.0,1840.0,12202.0,1829.0,12238.0,1830.0,12340.0,1831.0,12457.0,1839.0
Coahuila de Zaragoza,Secundaria,12017.0,625.0,11081.0,646.0,11164.0,649.0,11611.0,648.0,11833.0,661.0
Coahuila de Zaragoza,Media superior,12009.0,678.0,10924.0,702.0,10748.0,681.0,9921.0,666.0,10907.0,673.0
Coahuila de Zaragoza,Superior,10748.0,155.0,10809.0,182.0,11446.0,187.0,11581.0,189.0,10856.0,193.0
Colima,Total,13718.0,1330.0,12914.0,1347.0,13560.0,1359.0,13528.0,1355.0,13670.0,1381.0
Colima,Inicial,0.0,0.0,89.0,47.0,126.0,51.0,120.0,51.0,113.0,50.0
Colima,Preescolar,1223.0,422.0,1249.0,410.0,1282.0,417.0,1296.0,411.0,1301.0,415.0
Colima,Primaria,3235.0,497.0,3223.0,479.0,3293.0,478.0,3317.0,480.0,3326.0,485.0
Colima,Secundaria,3220.0,178.0,3006.0,177.0,3051.0,178.0,3034.0,178.0,3140.0,192.0
Colima,Media superior,3249.0,180.0,2892.0,184.0,3044.0,186.0,3097.0,186.0,3090.0,189.0
Colima,Superior,2791.0,53.0,2455.0,50.0,2764.0,49.0,2664.0,49.0,2700.0,50.0
Chiapas,Total,81906.0,19246.0,83188.0,19604.0,83922.0,19840.0,86110.0,20071.0,85327.0,20341.0
Chiapas,Inicial,0.0,0.0,317.0,284.0,355.0,262.0,289.0,258.0,329.0,264.0
Chiapas,Preescolar,13126.0,7237.0,13167.0,7156.0,13492.0,7259.0,14082.0,7342.0,14148.0,7472.0
Chiapas,Primaria,31423.0,8505.0,31392.0,8328.0,31676.0,8417.0,33039.0,8458.0,33046.0,8499.0
Chiapas,Secundaria,15232.0,2252.0,15776.0,2560.0,15912.0,2632.0,16163.0,2729.0,16498.0,2819.0
Chiapas,Media superior,12828.0,1038.0,13854.0,1052.0,14650.0,1050.0,14793.0,1057.0,14004.0,1070.0
Chiapas,Superior,9297.0,214.0,8682.0,224.0,7837.0,220.0,7744.0,227.0,7302.0,217.0
Chihuahua,Total,56832.0,6862.0,55130.0,6669.0,56387.0,6812.0,54573.0,6716.0,55052.0,6717.0
Chihuahua,Inicial,0.0,0.0,312.0,122.0,227.0,123.0,255.0,118.0,216.0,109.0
Chihuahua,Preescolar,5557.0,2259.0,5448.0,2142.0,5397.0,2135.0,5280.0,2115.0,5260.0,2126.0
Chihuahua,Primaria,16908.0,2834.0,16441.0,2664.0,16617.0,2746.0,16521.0,2690.0,16516.0,2682.0
Chihuahua,Secundaria,10599.0,966.0,10297.0,962.0,10548.0,1035.0,10804.0,1016.0,11170.0,1028.0
Chihuahua,Media superior,11410.0,648.0,11420.0,610.0,12080.0,612.0,10812.0,604.0,10764.0,602.0
Chihuahua,Superior,12358.0,155.0,11212.0,169.0,11518.0,161.0,10901.0,173.0,11126.0,170.0
Ciudad de México,Total,197882.0,9303.0,188916.0,8972.0,183511.0,8820.0,184356.0,8675.0,191744.0,8589.0
Ciudad de México,Inicial,0.0,0.0,571.0,432.0,721.0,414.0,709.0,407.0,767.0,408.0
Ciudad de México,Preescolar,13808.0,3627.0,12757.0,3150.0,12331.0,2985.0,12207.0,2884.0,12053.0,2823.0
Ciudad de México,Primaria,32592.0,3201.0,31528.0,3002.0,31267.0,2969.0,31157.0,2937.0,30797.0,2916.0
Ciudad de México,Secundaria,33226.0,1352.0,30746.0,1321.0,30093.0,1309.0,30303.0,1312.0,30130.0,1310.0
Ciudad de México,Media superior,48488.0,663.0,35191.0,567.0,36619.0,615.0,37429.0,606.0,41095.0,604.0
Ciudad de México,Superior,69768.0,460.0,78123.0,500.0,72480.0,528.0,72551.0,529.0,76902.0,528.0
Durango,Total,33788.0,5712.0,34030.0,5731.0,34188.0,5799.0,34751.0,5816.0,34897.0,5852.0
Durango,Inicial,0.0,0.0,200.0,98.0,157.0,93.0,155.0,103.0,193.0,96.0
Durango,Preescolar,3665.0,1751.0,3819.0,1749.0,3872.0,1761.0,4007.0,1765.0,4103.0,1809.0
Durango,Primaria,10252.0,2573.0,10288.0,2457.0,10382.0,2484.0,10408.0,2474.0,10452.0,2452.0
Durango,Secundaria,7403.0,956.0,7297.0,974.0,7330.0,1007.0,7425.0,1016.0,7416.0,1037.0
Durango,Media superior,6327.0,344.0,6546.0,352.0,6661.0,350.0,7097.0,354.0,7037.0,353.0
Durango,Superior,6141.0,88.0,5880.0,101.0,5786.0,104.0,5659.0,104.0,5696.0,105.0
Guanajuato,Total,90435.0,12090.0,89747.0,12035.0,89245.0,12019.0,89401.0,11962.0,89649.0,11991.0
Guanajuato,Inicial,0.0,0.0,221.0,88.0,214.0,93.0,240.0,89.0,216.0,91.0
Guanajuato,Preescolar,10884.0,4354.0,10620.0,4197.0,10596.0,4183.0,10576.0,4154.0,10610.0,4191.0
Guanajuato,Primaria,25987.0,4479.0,25776.0,4358.0,25789.0,4372.0,25787.0,4349.0,25781.0,4353.0
Guanajuato,Secundaria,18676.0,1813.0,18096.0,1861.0,18207.0,1869.0,19093.0,1881.0,19263.0,1888.0
Guanajuato,Media superior,19742.0,1197.0,19458.0,1265.0,19374.0,1242.0,18181.0,1223.0,18000.0,1203.0
Guanajuato,Superior,15146.0,247.0,15576.0,266.0,15155.0,261.0,15524.0,266.0,15779.0,265.0
Guerrero,Total,61003.0,11345.0,60093.0,11353.0,60953.0,11427.0,60742.0,11545.0,60657.0,11745.0
Guerrero,Inicial,0.0,0.0,181.0,83.0,191.0,82.0,225.0,80.0,206.0,78.0
Guerrero,Preescolar,10111.0,3945.0,10051.0,3862.0,10088.0,3907.0,10093.0,3957.0,10196.0,4023.0
Guerrero,Primaria,23290.0,4618.0,21879.0,4446.0,21782.0,4447.0,21650.0,4485.0,21522.0,4545.0
Guerrero,Secundaria,13135.0,1915.0,13012.0,1942.0,12961.0,1962.0,12956.0,1991.0,12878.0,2058.0
Guerrero,Media superior,9704.0,732.0,9750.0,840.0,10652.0,844.0,10553.0,851.0,10300.0,852.0
Guerrero,Superior,4763.0,135.0,5220.0,180.0,5279.0,185.0,5265.0,181.0,5555.0,189.0
Hidalgo,Total,53458.0,8538.0,53361.0,8469.0,55338.0,8514.0,53170.0,8462.0,53597.0,8466.0
Hidalgo,Inicial,0.0,0.0,202.0,150.0,200.0,152.0,218.0,166.0,333.0,167.0
Hidalgo,Preescolar,6125.0,3292.0,6035.0,3098.0,6057.0,3098.0,6116.0,3045.0,6165.0,3052.0
Hidalgo,Primaria,16275.0,3254.0,16529.0,3181.0,16624.0,3194.0,16783.0,3184.0,16789.0,3176.0
Hidalgo,Secundaria,9899.0,1287.0,10403.0,1347.0,10462.0,1379.0,10649.0,1375.0,10696.0,1376.0
Hidalgo,Media superior,12182.0,573.0,11348.0,552.0,11579.0,552.0,11262.0,550.0,11277.0,551.0
Hidalgo,Superior,8977.0,132.0,8844.0,141.0,10416.0,139.0,8142.0,142.0,8337.0,144.0
Jalisco,Total,131749.0,14765.0,131048.0,14655.0,130045.0,14531.0,131312.0,14581.0,130705.0,14653.0
Jalisco,Inicial,0.0,0.0,801.0,190.0,743.0,186.0,703.0,183.0,643.0,180.0
Jalisco,Preescolar,14518.0,5365.0,14338.0,5188.0,14266.0,5109.0,14454.0,5116.0,14530.0,5157.0
Jalisco,Primaria,34340.0,5859.0,33922.0,5647.0,33851.0,5624.0,34016.0,5618.0,34021.0,5634.0
Jalisco,Secundaria,26917.0,2121.0,27292.0,2164.0,27556.0,2160.0,28684.0,2228.0,29719.0,2256.0
Jalisco,Media superior,28948.0,1135.0,28444.0,1158.0,27552.0,1145.0,27390.0,1125.0,26352.0,1119.0
Jalisco,Superior,27026.0,285.0,26251.0,308.0,26077.0,307.0,26065.0,311.0,25440.0,307.0
México,Total,235657.0,22237.0,246038.0,22659.0,244963.0,22429.0,245557.0,22522.0,245039.0,22516.0
México,Inicial,0.0,0.0,563.0,351.0,551.0,321.0,658.0,332.0,557.0,332.0
México,Preescolar,25260.0,8041.0,24602.0,7724.0,24131.0,7496.0,24465.0,7524.0,24360.0,7513.0
México,Primaria,69682.0,7813.0,69474.0,7832.0,69305.0,7834.0,69280.0,7850.0,69061.0,7865.0
México,Secundaria,44810.0,3796.0,46184.0,3939.0,46430.0,3963.0,46787.0,3999.0,47138.0,4018.0
México,Media superior,54957.0,2154.0,59464.0,2259.0,60230.0,2250.0,60452.0,2221.0,60784.0,2194.0
México,Superior,40948.0,433.0,45751.0,554.0,44316.0,565.0,43915.0,596.0,43139.0,594.0
Michoacán de Ocampo,Total,79527.0,12189.0,80686.0,12487.0,80768.0,12346.0,80864.0,12380.0,81620.0,12610.0
Michoacán de Ocampo,Inicial,0.0,0.0,667.0,284.0,676.0,269.0,708.0,264.0,700.0,260.0
Michoacán de Ocampo,Preescolar,10972.0,4218.0,11369.0,4270.0,11258.0,4198.0,10996.0,4103.0,11436.0,4237.0
Michoacán de Ocampo,Primaria,29099.0,5222.0,27958.0,5001.0,27744.0,4997.0,28009.0,5069.0,27978.0,5129.0
Michoacán de Ocampo,Secundaria,14942.0,1736.0,15183.0,1861.0,14929.0,1830.0,14873.0,1870.0,14755.0,1906.0
Michoacán de Ocampo,Media superior,14233.0,772.0,14097.0,794.0,14266.0,776.0,14289.0,790.0,14636.0,796.0
Michoacán de Ocampo,Superior,10281.0,241.0,11412.0,277.0,11895.0,276.0,11989.0,284.0,12115.0,282.0
Morelos,Total,34180.0,3388.0,34829.0,3670.0,34922.0,3663.0,34383.0,3718.0,31636.0,3717.0
Morelos,Inicial,0.0,0.0,197.0,159.0,258.0,184.0,324.0,203.0,312.0,192.0
Morelos,Preescolar,3307.0,1231.0,3074.0,1245.0,3057.0,1218.0,3150.0,1236.0,3192.0,1236.0
Morelos,Primaria,8003.0,1184.0,8293.0,1224.0,8339.0,1218.0,8357.0,1226.0,8325.0,1228.0
Morelos,Secundaria,6638.0,498.0,6974.0,545.0,6998.0,552.0,7039.0,559.0,7172.0,562.0
Morelos,Media superior,8100.0,357.0,7553.0,337.0,7803.0,332.0,7794.0,329.0,5583.0,331.0
Morelos,Superior,8132.0,118.0,8738.0,160.0,8467.0,159.0,7719.0,165.0,7052.0,168.0
Nayarit,Total,21257.0,3275.0,21108.0,3369.0,20977.0,3358.0,21637.0,3390.0,21774.0,3394.0
Nayarit,Inicial,0.0,0.0,89.0,41.0,92.0,49.0,72.0,44.0,105.0,41.0
Nayarit,Preescolar,2283.0,1115.0,2342.0,1138.0,2341.0,1116.0,2459.0,1132.0,2433.0,1137.0
Nayarit,Primaria,5739.0,1197.0,5791.0,1203.0,5802.0,1207.0,5886.0,1213.0,5847.0,1206.0
Nayarit,Secundaria,5536.0,582.0,5229.0,620.0,5234.0,622.0,5464.0,645.0,5509.0,655.0
Nayarit,Media superior,4817.0,333.0,4829.0,317.0,4673.0,312.0,4728.0,303.0,4935.0,302.0
Nayarit,Superior,2882.0,48.0,2828.0,50.0,2835.0,52.0,3028.0,53.0,2945.0,53.0
Nuevo León,Total,81310.0,7411.0,80138.0,7622.0,81488.0,7625.0,82669.0,7617.0,83471.0,7577.0
Nuevo León,Inicial,0.0,0.0,265.0,131.0,270.0,131.0,235.0,121.0,269.0,128.0
Nuevo León,Preescolar,9785.0,2795.0,9601.0,2748.0,9512.0,2751.0,9829.0,2748.0,9765.0,2708.0
Nuevo León,Primaria,22437.0,2740.0,22200.0,2725.0,22086.0,2728.0,22822.0,2726.0,22708.0,2714.0
Nuevo León,Secundaria,16794.0,1081.0,16870.0,1174.0,16921.0,1189.0,17159.0,1200.0,16901.0,1216.0
Nuevo León,Media superior,14715.0,558.0,13168.0,597.0,13828.0,579.0,13732.0,576.0,15140.0,564.0
Nuevo León,Superior,17579.0,237.0,18034.0,247.0,18871.0,247.0,18892.0,246.0,18688.0,247.0
Oaxaca,Total,72019.0,13710.0,70719.0,14142.0,70304.0,14183.0,69904.0,14157.0,71754.0,14632.0
Oaxaca,Inicial,0.0,0.0,349.0,289.0,377.0,341.0,435.0,354.0,428.0,376.0
Oaxaca,Preescolar,11360.0,4747.0,10617.0,4710.0,10641.0,4749.0,10742.0,4756.0,11387.0,4881.0
Oaxaca,Primaria,27795.0,5626.0,27026.0,5545.0,26321.0,5491.0,26105.0,5480.0,26861.0,5679.0
Oaxaca,Secundaria,14936.0,2486.0,14899.0,2649.0,14613.0,2644.0,13707.0,2594.0,14410.0,2730.0
Oaxaca,Media superior,10466.0,728.0,10790.0,801.0,10905.0,803.0,11568.0,808.0,11497.0,802.0
Oaxaca,Superior,7462.0,123.0,7038.0,148.0,7448.0,156.0,7347.0,165.0,7171.0,164.0
Puebla,Total,96548.0,14045.0,98133.0,14295.0,98434.0,14280.0,98636.0,14274.0,98980.0,14339.0
Puebla,Inicial,0.0,0.0,193.0,145.0,224.0,156.0,296.0,159.0,411.0,167.0
Puebla,Preescolar,12786.0,4918.0,12850.0,4898.0,12712.0,4856.0,12994.0,4866.0,12998.0,4879.0
Puebla,Primaria,28657.0,4624.0,29072.0,4640.0,28938.0,4628.0,29125.0,4626.0,29096.0,4641.0
Puebla,Secundaria,19546.0,2239.0,19742.0,2448.0,19917.0,2467.0,20198.0,2474.0,20522.0,2510.0
Puebla,Media superior,17686.0,1778.0,17221.0,1816.0,17528.0,1820.0,16739.0,1793.0,16865.0,1784.0
Puebla,Superior,17873.0,486.0,19055.0,348.0,19115.0,353.0,19284.0,356.0,19088.0,358.0
Querétaro,Total,33294.0,3955.0,35126.0,4195.0,35977.0,4246.0,37702.0,4310.0,37201.0,4342.0
Querétaro,Inicial,0.0,0.0,141.0,98.0,220.0,117.0,218.0,131.0,223.0,132.0
Querétaro,Preescolar,4033.0,1537.0,4059.0,1584.0,4074.0,1572.0,4195.0,1588.0,4207.0,1588.0
Querétaro,Primaria,8390.0,1511.0,9010.0,1528.0,9033.0,1547.0,9233.0,1551.0,9292.0,1564.0
Querétaro,Secundaria,5716.0,530.0,6223.0,564.0,6451.0,583.0,6654.0,596.0,6737.0,614.0
Querétaro,Media superior,6483.0,286.0,6374.0,308.0,6564.0,313.0,7128.0,322.0,7254.0,327.0
Querétaro,Superior,8672.0,91.0,9319.0,113.0,9635.0,114.0,10274.0,122.0,9488.0,117.0
Quintana Roo,Total,23416.0,2334.0,26021.0,2573.0,26328.0,2621.0,27559.0,2658.0,27304.0,2690.0
Quintana Roo,Inicial,0.0,0.0,99.0,72.0,107.0,71.0,144.0,76.0,143.0,76.0
Quintana Roo,Preescolar,2240.0,750.0,2465.0,797.0,2476.0,800.0,2583.0,808.0,2612.0,821.0
Quintana Roo,Primaria,5801.0,860.0,6755.0,891.0,6777.0,910.0,6859.0,918.0,6903.0,932.0
Quintana Roo,Secundaria,5277.0,428.0,6231.0,472.0,6444.0,488.0,6567.0,499.0,6554.0,500.0
Quintana Roo,Media superior,5897.0,244.0,5886.0,278.0,6133.0,286.0,6320.0,291.0,6235.0,291.0
Quintana Roo,Superior,4201.0,52.0,4585.0,63.0,4391.0,66.0,5086.0,66.0,4857.0,70.0
San Luis Potosí,Total,47577.0,8659.0,46953.0,8724.0,47299.0,8769.0,47391.0,8770.0,46798.0,8843.0
San Luis Potosí,Inicial,0.0,0.0,352.0,291.0,321.0,293.0,355.0,293.0,325.0,292.0
San Luis Potosí,Preescolar,6632.0,3072.0,6608.0,3005.0,6607.0,3022.0,6562.0,3047.0,6523.0,3065.0
San Luis Potosí,Primaria,14573.0,3299.0,14379.0,3142.0,14375.0,3147.0,14388.0,3123.0,14316.0,3148.0
San Luis Potosí,Secundaria,11437.0,1694.0,11086.0,1672.0,11275.0,1692.0,11277.0,1693.0,11136.0,1731.0
San Luis Potosí,Media superior,8076.0,494.0,7949.0,505.0,8325.0,507.0,8094.0,507.0,8355.0,501.0
San Luis Potosí,Superior,6859.0,100.0,6579.0,109.0,6396.0,108.0,6715.0,107.0,6143.0,106.0
Sinaloa,Total,52113.0,6602.0,53708.0,6634.0,55067.0,6680.0,55325.0,6838.0,55102.0,6909.0
Sinaloa,Inicial,0.0,0.0,282.0,164.0,496.0,175.0,831.0,182.0,844.0,187.0
Sinaloa,Preescolar,5529.0,2354.0,5777.0,2277.0,5886.0,2283.0,6031.0,2361.0,6141.0,2398.0
Sinaloa,Primaria,12724.0,2601.0,12528.0,2481.0,12580.0,2500.0,12603.0,2542.0,12612.0,2558.0
Sinaloa,Secundaria,13037.0,946.0,13258.0,1009.0,13201.0,1019.0,13451.0,1050.0,13550.0,1068.0
Sinaloa,Media superior,10769.0,572.0,11511.0,561.0,12253.0,563.0,11768.0,563.0,11710.0,561.0
Sinaloa,Superior,10054.0,129.0,10352.0,142.0,10651.0,140.0,10641.0,140.0,10245.0,137.0
Sonora,Total,46566.0,4776.0,46326.0,4860.0,45455.0,4847.0,45891.0,4838.0,47748.0,4873.0
Sonora,Inicial,0.0,0.0,270.0,197.0,269.0,200.0,296.0,178.0,326.0,186.0
Sonora,Preescolar,4643.0,1624.0,4469.0,1586.0,4388.0,1572.0,4457.0,1566.0,4500.0,1577.0
Sonora,Primaria,12572.0,1885.0,11979.0,1798.0,11844.0,1783.0,11861.0,1790.0,11845.0,1784.0
Sonora,Secundaria,9442.0,748.0,8756.0,748.0,8680.0,753.0,9213.0,767.0,9625.0,780.0
Sonora,Media superior,9938.0,367.0,10323.0,368.0,10071.0,380.0,9964.0,375.0,10531.0,385.0
Sonora,Superior,9971.0,152.0,10529.0,163.0,10203.0,159.0,10100.0,162.0,10921.0,161.0
Tabasco,Total,38811.0,5374.0,37270.0,5578.0,36115.0,5569.0,36825.0,5609.0,36731.0,5607.0
Tabasco,Inicial,0.0,0.0,195.0,154.0,218.0,153.0,224.0,156.0,224.0,156.0
Tabasco,Preescolar,5019.0,2077.0,4882.0,2064.0,4887.0,2059.0,4948.0,2051.0,4939.0,2046.0
Tabasco,Primaria,10353.0,2105.0,10420.0,2089.0,10448.0,2083.0,10525.0,2094.0,10436.0,2088.0
Tabasco,Secundaria,7517.0,764.0,7152.0,813.0,6987.0,818.0,7126.0,852.0,7181.0,860.0
Tabasco,Media superior,8009.0,354.0,7455.0,371.0,7498.0,369.0,7919.0,368.0,7890.0,367.0
Tabasco,Superior,7913.0,74.0,7166.0,87.0,6077.0,87.0,6083.0,88.0,6061.0,90.0
Tamaulipas,Total,56718.0,6235.0,55675.0,6222.0,54958.0,6226.0,56641.0,6229.0,56269.0,6268.0
Tamaulipas,Inicial,0.0,0.0,653.0,138.0,663.0,147.0,720.0,147.0,719.0,142.0
Tamaulipas,Preescolar,6165.0,2377.0,5906.0,2239.0,5785.0,2224.0,5808.0,2209.0,5832.0,2217.0
Tamaulipas,Primaria,14577.0,2422.0,14412.0,2355.0,14456.0,2352.0,14726.0,2358.0,14745.0,2376.0
Tamaulipas,Secundaria,11645.0,782.0,11174.0,784.0,11137.0,794.0,11326.0,811.0,11586.0,839.0
Tamaulipas,Media superior,12931.0,468.0,12799.0,505.0,12378.0,505.0,13095.0,505.0,13005.0,500.0
Tamaulipas,Superior,11400.0,186.0,10731.0,201.0,10539.0,204.0,10966.0,199.0,10382.0,194.0
Tlaxcala,Total,21714.0,2298.0,22241.0,2304.0,22634.0,2323.0,23032.0,2334.0,23194.0,2359.0
Tlaxcala,Inicial,0.0,0.0,45.0,53.0,55.0,51.0,109.0,61.0,101.0,60.0
Tlaxcala,Preescolar,2415.0,858.0,2316.0,819.0,2407.0,824.0,2383.0,811.0,2412.0,813.0
Tlaxcala,Primaria,6160.0,795.0,6060.0,780.0,6061.0,787.0,6102.0,786.0,6102.0,784.0
Tlaxcala,Secundaria,5043.0,375.0,5048.0,388.0,5153.0,393.0,5404.0,396.0,5438.0,396.0
Tlaxcala,Media superior,4843.0,210.0,5120.0,203.0,5282.0,205.0,5158.0,211.0,5317.0,234.0
Tlaxcala,Superior,3253.0,60.0,3652.0,61.0,3676.0,63.0,3876.0,69.0,3824.0,72.0
Veracruz de Ignacio de la Llave,Total,137324.0,22767.0,128854.0,22840.0,129141.0,22711.0,130074.0,23128.0,133618.0,23130.0
Veracruz de Ignacio de la Llave,Inicial,0.0,0.0,351.0,152.0,281.0,149.0,318.0,157.0,302.0,157.0
Veracruz de Ignacio de la Llave,Preescolar,16933.0,7570.0,16515.0,7573.0,16460.0,7455.0,16841.0,7660.0,16767.0,7656.0
Veracruz de Ignacio de la Llave,Primaria,46372.0,9606.0,45177.0,9356.0,45182.0,9346.0,45358.0,9425.0,45356.0,9422.0
Veracruz de Ignacio de la Llave,Secundaria,25835.0,3397.0,25468.0,3531.0,25619.0,3539.0,25924.0,3683.0,26097.0,3705.0
Veracruz de Ignacio de la Llave,Media superior,31614.0,1814.0,25673.0,1845.0,25034.0,1833.0,25630.0,1827.0,28575.0,1810.0
Veracruz de Ignacio de la Llave,Superior,16570.0,380.0,15670.0,383.0,16565.0,389.0,16003.0,376.0,16521.0,380.0
Yucatán,Total,36110.0,3848.0,37528.0,4028.0,37564.0,4047.0,39191.0,4057.0,39435.0,4105.0
Yucatán,Inicial,0.0,0.0,208.0,170.0,221.0,161.0,253.0,164.0,327.0,170.0
Yucatán,Preescolar,3895.0,1232.0,4048.0,1223.0,4007.0,1214.0,4174.0,1213.0,4270.0,1218.0
Yucatán,Primaria,9282.0,1397.0,9498.0,1390.0,9586.0,1396.0,9670.0,1400.0,9737.0,1401.0
Yucatán,Secundaria,8947.0,640.0,8751.0,657.0,8832.0,682.0,9677.0,690.0,9955.0,704.0
Yucatán,Media superior,6813.0,445.0,6751.0,452.0,6749.0,453.0,6993.0,448.0,6627.0,467.0
Yucatán,Superior,7173.0,134.0,8272.0,136.0,8169.0,141.0,8424.0,142.0,8519.0,145.0
Zacatecas,Total,27256.0,5116.0,27473.0,5179.0,27008.0,5146.0,26931.0,5113.0,28053.0,5140.0
Zacatecas,Inicial,0.0,0.0,116.0,61.0,169.0,67.0,153.0,69.0,143.0,70.0
Zacatecas,Preescolar,3724.0,1729.0,3792.0,1769.0,3730.0,1742.0,3731.0,1710.0,3749.0,1718.0
Zacatecas,Primaria,8347.0,1875.0,8515.0,1801.0,8481.0,1802.0,8575.0,1789.0,8564.0,1798.0
Zacatecas,Secundaria,6023.0,1151.0,5685.0,1165.0,5582.0,1155.0,5820.0,1166.0,5964.0,1176.0
Zacatecas,Media superior,4651.0,289.0,5319.0,303.0,4915.0,301.0,4670.0,300.0,4850.0,300.0
Zacatecas,Superior,4511.0,72.0,4046.0,80.0,4131.0,79.0,3982.0,79.0,4783.0,78.0
Zacatecas,,0.0,0.0,0.0,0.0,0.0,0.0,0.0,0.0,0.0,0.0
Zacatecas,,0.0,0.0,0.0,0.0,0.0,0.0,0.0,0.0,0.0,0.0
Zacatecas,,0.0,0.0,0.0,0.0,0.0,0.0,0.0,0.0,0.0,0.0
Notas:,,0.0,0.0,0.0,0.0,0.0,0.0,0.0,0.0,0.0,0.0
"Los datos presentados se refieren al esquema general –Escolarizado– del Sistema Educativo Nacional, además, comprenden los servicios por sostenimiento: público (federal, estatal y autónomo) y privado. Las cifras corresponden a inicio de cursos.",,0.0,0.0,0.0,0.0,0.0,0.0,0.0,0.0,0.0,0.0
"ND (No disponible) significa que no se dispone de la información del nivel educativo Inicial, debido a que en ese ciclo escolar la fuente presentó de forma agregada los datos con el nivel Preescolar.",,0.0,0.0,0.0,0.0,0.0,0.0,0.0,0.0,0.0,0.0
"Educación Media superior: incluye estudios técnicos o comerciales con secundaria terminada, comprende los niveles educativos: Profesional técnico y Bachillerato.",,0.0,0.0,0.0,0.0,0.0,0.0,0.0,0.0,0.0,0.0
"Educación Superior: incluye estudios técnicos o comerciales con preparatoria terminada, comprende los niveles educativos: Técnico superior, Normal licenciatura, Licenciatura universitaria tecnológica y Posgrado.",,0.0,0.0,0.0,0.0,0.0,0.0,0.0,0.0,0.0,0.0
"Para el ciclo escolar 2023/2024, cifras preliminares.",,0.0,0.0,0.0,0.0,0.0,0.0,0.0,0.0,0.0,0.0
Fuentes:,,0.0,0.0,0.0,0.0,0.0,0.0,0.0,0.0,0.0,0.0
"Para 2000/2001: SEP. Estadística Básica del Sistema Educativo Nacional. Inicio de Cursos 2000-2001. México, DF, 2001.",,0.0,0.0,0.0,0.0,0.0,0.0,0.0,0.0,0.0,0.0
"Para 2005/2006: SEP. Sistema Educativo de los Estados Unidos Mexicanos. Principales cifras, ciclo escolar 2005-2006. México, DF.",,0.0,0.0,0.0,0.0,0.0,0.0,0.0,0.0,0.0,0.0
De 2010/2011 a 2023/2024: SEP. Sistema Interactivo de Consulta de Estadística Educativa. http://planeacion.sep.gob.mx/principalescifras/ (Consulta: 07 de junio de 2024).,,0.0,0.0,0.0,0.0,0.0,0.0,0.0,0.0,0.0,0.0
